ID,Name,Age,City,Salary,Date
1,wHrrzOE,18,Faisalabad,68789.55,2025-01-01
2,QZKQwJx,23,Faisalabad,119874.92,2025-01-02
3,birWLtE,24,Quetta,35237.61,2025-01-03
4,BIeJcDB,59,Islamabad,71762.87,2025-01-04
5,VeEUIKt,34,Lahore,74250.36,2025-01-05
6,RgVjcDI,60,Lahore,74349.31,2025-01-06
7,ShSFbka,55,Multan,92962.48,2025-01-07
8,sIkonmF,38,Faisalabad,36573.84,2025-01-08
9,VllFurx,58,Multan,88866.62,2025-01-09
10,vtxgUqT,37,Faisalabad,57389.73,2025-01-10
11,wMiAiQp,30,Peshawar,116035.73,2025-01-11
12,RvuUvdr,30,Faisalabad,58710.28,2025-01-12
13,kkcPUqH,18,Lahore,75769.72,2025-01-13
14,QvSlROL,60,Multan,42089.09,2025-01-14
15,BcQppPh,38,Lahore,70662.06,2025-01-15
16,CNsuUkD,57,Quetta,40251.77,2025-01-16
17,UYNovoi,47,Islamabad,75781.23,2025-01-17
18,DgAqAqM,58,Faisalabad,87563.12,2025-01-18
19,zRwLJSI,44,Lahore,58217.72,2025-01-19
20,LSCmpiA,58,Quetta,81059.38,2025-01-20
21,SsohuAM,26,Karachi,114760.7,2025-01-21
22,SUHIsgy,26,Islamabad,74713.08,2025-01-22
23,nNCWYDX,20,Multan,66679.55,2025-01-23
24,dvTVWiL,43,Peshawar,105460.42,2025-01-24
25,wveSSmV,59,Peshawar,117506.27,2025-01-25
26,JzZPnpl,58,Lahore,76430.02,2025-01-26
27,KvuYUTr,35,Quetta,74883.53,2025-01-27
28,VimNPsa,33,Lahore,61467.05,2025-01-28
29,xCGICBQ,47,Multan,101640.39,2025-01-29
30,nABsXAz,38,Karachi,33196.07,2025-01-30
31,hbIMGTj,51,Multan,106498.27,2025-01-31
32,uUfwGQA,25,Peshawar,62728.68,2025-02-01
33,yFzFAUi,39,Multan,52653.44,2025-02-02
34,NOSThmY,42,Faisalabad,73892.05,2025-02-03
35,VRkcYFi,60,Islamabad,60871.88,2025-02-04
36,VxveUAH,47,Peshawar,85405.56,2025-02-05
37,qrZfMXy,44,Peshawar,96133.96,2025-02-06
38,Cyegabw,48,Peshawar,109119.97,2025-02-07
39,sGjIaXk,30,Quetta,83894.84,2025-02-08
40,dFQJgfv,25,Multan,46495.49,2025-02-09
41,dRcwDRa,24,Peshawar,30415.91,2025-02-10
42,lBQRtac,40,Karachi,45134.02,2025-02-11
43,KDCBKyx,55,Karachi,52618.39,2025-02-12
44,wiXAGTS,26,Multan,54117.89,2025-02-13
45,EHNfGvP,37,Quetta,30156.44,2025-02-14
46,crJyMAd,38,Peshawar,96555.25,2025-02-15
47,ghtPaEG,52,Quetta,112445.04,2025-02-16
48,NGCJIbP,31,Lahore,50537.12,2025-02-17
49,lJdZtsR,25,Islamabad,112768.17,2025-02-18
50,zxOkoCS,54,Multan,73447.43,2025-02-19
51,IKUHJXy,41,Peshawar,73533.03,2025-02-20
52,gYnuvFD,35,Islamabad,85820.55,2025-02-21
53,eIfrNYN,56,Quetta,37271.98,2025-02-22
54,jVfPmXt,55,Faisalabad,52211.87,2025-02-23
55,KdKAHMf,49,Islamabad,44321.1,2025-02-24
56,BBWMPFI,57,Quetta,109851.74,2025-02-25
57,aaysQNk,20,Multan,93667.24,2025-02-26
58,qpJxYrQ,18,Lahore,59970.68,2025-02-27
59,hPFcebp,37,Quetta,64206.4,2025-02-28
60,gbhsbYj,35,Lahore,72477.25,2025-03-01
61,nhhSvfD,51,Lahore,69315.84,2025-03-02
62,JANGjZD,35,Quetta,55072.03,2025-03-03
63,AfpywyF,55,Quetta,31324.54,2025-03-04
64,iqqmrwh,24,Peshawar,108630.18,2025-03-05
65,vxsXusM,23,Peshawar,76819.03,2025-03-06
66,GhegIdT,33,Faisalabad,49360.75,2025-03-07
67,trFKEjn,48,Faisalabad,55311.73,2025-03-08
68,zJwkpql,25,Karachi,54967.6,2025-03-09
69,WjstKVg,45,Karachi,109651.78,2025-03-10
70,zBZPqWW,25,Karachi,94567.35,2025-03-11
71,prhNrFy,52,Quetta,75923.81,2025-03-12
72,ALunAME,32,Lahore,98100.08,2025-03-13
73,RSnVBaI,54,Karachi,83433.58,2025-03-14
74,KLSxaOQ,51,Islamabad,118823.97,2025-03-15
75,weAhhoP,25,Peshawar,83414.31,2025-03-16
76,cGyNNjm,49,Quetta,84057.14,2025-03-17
77,DPeedFS,59,Karachi,67453.28,2025-03-18
78,IKDRhXy,18,Karachi,42151.43,2025-03-19
79,qrecxep,24,Islamabad,32622.23,2025-03-20
80,SlNUzLP,54,Quetta,82890.93,2025-03-21
81,mRcQvnk,54,Lahore,60810.62,2025-03-22
82,gwbTWsk,26,Peshawar,44109.58,2025-03-23
83,MMxvAot,37,Peshawar,82510.31,2025-03-24
84,pVwTAon,21,Lahore,44188.52,2025-03-25
85,xfbCCuS,42,Islamabad,37949.81,2025-03-26
86,MtMETof,28,Quetta,36633.63,2025-03-27
87,OeGJzda,57,Karachi,65304.28,2025-03-28
88,wsLWsIf,39,Islamabad,42389.3,2025-03-29
89,HFssrIw,18,Karachi,118819.94,2025-03-30
90,CrXtnTT,28,Quetta,111779.99,2025-03-31
91,dXIrsso,43,Multan,97880.53,2025-04-01
92,MipCpUx,31,Peshawar,65851.19,2025-04-02
93,cVzsbwo,57,Islamabad,42505.85,2025-04-03
94,TsDqOSb,41,Quetta,75520.84,2025-04-04
95,WGBxKvy,29,Multan,37231.32,2025-04-05
96,HtcObfg,29,Lahore,84556.07,2025-04-06
97,ziMgHPi,54,Quetta,102943.95,2025-04-07
98,ffVAHTW,54,Karachi,66032.84,2025-04-08
99,dEdOpsG,30,Peshawar,114096.75,2025-04-09
100,CyxECpn,38,Multan,56235.86,2025-04-10
