ID,Name,Age,City,Salary
1,wHrrzOE,18,Faisalabad,68789.55
2,QZKQwJx,23,Faisalabad,119874.92
3,birWLtE,24,Quetta,35237.61
4,BIeJcDB,59,Islamabad,71762.87
5,VeEUIKt,34,Lahore,74250.36
6,RgVjcDI,60,Lahore,74349.31
7,ShSFbka,55,Multan,92962.48
8,sIkonmF,38,Faisalabad,36573.84
9,VllFurx,58,Multan,88866.62
10,vtxgUqT,37,Faisalabad,57389.73
11,wMiAiQp,30,Peshawar,116035.73
12,RvuUvdr,30,Faisalabad,58710.28
13,kkcPUqH,18,Lahore,75769.72
14,QvSlROL,60,Multan,42089.09
15,BcQppPh,38,Lahore,70662.06
16,CNsuUkD,57,Quetta,40251.77
17,UYNovoi,47,Islamabad,75781.23
18,DgAqAqM,58,Faisalabad,87563.12
19,zRwLJSI,44,Lahore,58217.72
20,LSCmpiA,58,Quetta,81059.38
21,SsohuAM,26,Karachi,114760.7
22,SUHIsgy,26,Islamabad,74713.08
23,nNCWYDX,20,Multan,66679.55
24,dvTVWiL,43,Peshawar,105460.42
25,wveSSmV,59,Peshawar,117506.27
26,JzZPnpl,58,Lahore,76430.02
27,KvuYUTr,35,Quetta,74883.53
28,VimNPsa,33,Lahore,61467.05
29,xCGICBQ,47,Multan,101640.39
30,nABsXAz,38,Karachi,33196.07
31,hbIMGTj,51,Multan,106498.27
32,uUfwGQA,25,Peshawar,62728.68
33,yFzFAUi,39,Multan,52653.44
34,NOSThmY,42,Faisalabad,73892.05
35,VRkcYFi,60,Islamabad,60871.88
36,VxveUAH,47,Peshawar,85405.56
37,qrZfMXy,44,Peshawar,96133.96
38,Cyegabw,48,Peshawar,109119.97
39,sGjIaXk,30,Quetta,83894.84
40,dFQJgfv,25,Multan,46495.49
41,dRcwDRa,24,Peshawar,30415.91
42,lBQRtac,40,Karachi,45134.02
43,KDCBKyx,55,Karachi,52618.39
44,wiXAGTS,26,Multan,54117.89
45,EHNfGvP,37,Quetta,30156.44
46,crJyMAd,38,Peshawar,96555.25
47,ghtPaEG,52,Quetta,112445.04
48,NGCJIbP,31,Lahore,50537.12
49,lJdZtsR,25,Islamabad,112768.17
50,zxOkoCS,54,Multan,73447.43
51,IKUHJXy,41,Peshawar,73533.03
52,gYnuvFD,35,Islamabad,85820.55
53,eIfrNYN,56,Quetta,37271.98
54,jVfPmXt,55,Faisalabad,52211.87
55,KdKAHMf,49,Islamabad,44321.1
56,BBWMPFI,57,Quetta,109851.74
57,aaysQNk,20,Multan,93667.24
58,qpJxYrQ,18,Lahore,59970.68
59,hPFcebp,37,Quetta,64206.4
60,gbhsbYj,35,Lahore,72477.25
61,nhhSvfD,51,Lahore,69315.84
62,JANGjZD,35,Quetta,55072.03
63,AfpywyF,55,Quetta,31324.54
64,iqqmrwh,24,Peshawar,108630.18
65,vxsXusM,23,Peshawar,76819.03
66,GhegIdT,33,Faisalabad,49360.75
67,trFKEjn,48,Faisalabad,55311.73
68,zJwkpql,25,Karachi,54967.6
69,WjstKVg,45,Karachi,109651.78
70,zBZPqWW,25,Karachi,94567.35
71,prhNrFy,52,Quetta,75923.81
72,ALunAME,32,Lahore,98100.08
73,RSnVBaI,54,Karachi,83433.58
74,KLSxaOQ,51,Islamabad,118823.97
75,weAhhoP,25,Peshawar,83414.31
76,cGyNNjm,49,Quetta,84057.14
77,DPeedFS,59,Karachi,67453.28
78,IKDRhXy,18,Karachi,42151.43
79,qrecxep,24,Islamabad,32622.23
80,SlNUzLP,54,Quetta,82890.93
81,mRcQvnk,54,Lahore,60810.62
82,gwbTWsk,26,Peshawar,44109.58
83,MMxvAot,37,Peshawar,82510.31
84,pVwTAon,21,Lahore,44188.52
85,xfbCCuS,42,Islamabad,37949.81
86,MtMETof,28,Quetta,36633.63
87,OeGJzda,57,Karachi,65304.28
88,wsLWsIf,39,Islamabad,42389.3
89,HFssrIw,18,Karachi,118819.94
90,CrXtnTT,28,Quetta,111779.99
91,dXIrsso,43,Multan,97880.53
92,MipCpUx,31,Peshawar,65851.19
93,cVzsbwo,57,Islamabad,42505.85
94,TsDqOSb,41,Quetta,75520.84
95,WGBxKvy,29,Multan,37231.32
96,HtcObfg,29,Lahore,84556.07
97,ziMgHPi,54,Quetta,102943.95
98,ffVAHTW,54,Karachi,66032.84
99,dEdOpsG,30,Peshawar,114096.75
100,CyxECpn,38,Multan,56235.86
